image,style,color1,color2,color3,color4,color5,color6,color7
147054.png,cubism,#0d0b0e,#636b58,#75c589,#c22e0c,#c5800c,#cdc9ab,#eedf18
41278.png,cubism,#311c25,#8e483d,#a37d5b,#c4ac71,#dae0ad,#ef7c51,#fefaae
375393.png,cubism,#c0a589,#cfab89,#dabb9f,#dcb383,#e6bb83,#e7c8af,#e8c598
205001.png,cubism,#484959,#6da57c,#7c6a27,#7f7c90,#c3b15c,#cd9319,#dde1d1
345985.png,cubism,#342020,#6c4c4c,#9d7362,#a78d83,#c6a993,#e3cca9,#faebca
241466.png,cubism,#2c2621,#464336,#761b0d,#b3770a,#bbb499,#d2930a,#eae1d2
101541.png,cubism,#0710a9,#08060c,#2b3247,#6d7e97,#b06800,#d12b11,#e99644
267649.png,cubism,#100c05,#4298af,#846c2f,#b80e00,#d0b020,#e8dbbd,#fc7e42
331776.png,cubism,#322825,#5c744c,#935324,#b6a521,#eedca7,#ff6523,#ffaa06
293106.png,cubism,#252e29,#404939,#5f757d,#6f5a44,#7e8480,#b5ae99,#c9c2a8
177205.png,cubism,#1b1f1d,#54524c,#86847c,#edd8d5,#f9974e,#fd5113,#fefefe
177599.png,cubism,#3e3636,#752e22,#83736b,#914831,#b37b4a,#cdb4a6,#f5ede2
393992.png,cubism,#16151c,#2a618b,#4b8a4f,#71664f,#9e937a,#bd4018,#c2b8b7
315525.png,cubism,#09410f,#0c0907,#546722,#7da2a5,#a21900,#b25a14,#e0d5af
82858.png,cubism,#020000,#2f3c79,#81571e,#991d17,#b78524,#d7b650,#efebe6
374776.png,cubism,#3a344a,#6d6c90,#939da6,#b28753,#b7bbc7,#e7a93c,#f2f4f1
10922.png,cubism,#090a0d,#372212,#613d18,#a6712d,#c28738,#cfad55,#e06127
282126.png,cubism,#2e201e,#585b50,#593c32,#827661,#ae876e,#b5b2b0,#dedcdf
182151.png,cubism,#2d2325,#5e5550,#746762,#948b83,#b5a8a3,#cdc3c1,#ece5e2
384664.png,cubism,#348082,#419f9a,#595155,#68b9b6,#957f84,#a89fa3,#dfe2ec
38940.png,cubism,#2a2624,#535743,#781e15,#9da791,#a97e5a,#deb19c,#faf3e1
217119.png,cubism,#000403,#15282e,#444a45,#6a6959,#818d8c,#a29f4e,#c1cbc0
97465.png,cubism,#271f18,#584b3e,#8299d1,#831d0b,#ab9254,#cc5614,#decc7f
85339.png,cubism,#140c14,#61381e,#73d758,#829299,#ad6615,#bbc2b5,#d0d131
150684.png,cubism,#15181e,#503b25,#732125,#805e65,#b1a697,#bd8d35,#c05b49
303359.png,cubism,#222625,#766129,#907f61,#a59976,#a96113,#c1b278,#e6e6dc
46112.png,cubism,#131e28,#2b4541,#4f7a2e,#5f6384,#969aa3,#b8dbff,#ccd200
395879.png,cubism,#000001,#1c4b8b,#586f8d,#762822,#a25d50,#f2d0c2,#fffffe
148583.png,cubism,#212128,#3d4459,#7f5b4b,#952f25,#a6bd99,#d2937e,#e7d473
206913.png,cubism,#180f08,#4d4237,#8f6633,#9e302f,#d8906e,#e5c583,#f8efd5
65706.png,cubism,#2a2f32,#607374,#6899be,#b27d23,#b7321e,#bab455,#e1dbc5
14947.png,cubism,#25240e,#717b92,#78410a,#9ca7b9,#b91803,#ce9307,#ced3ce
229285.png,cubism,#1f1b17,#46585d,#6e3e16,#7a8d95,#ca5e05,#d88710,#e7c295
175155.png,cubism,#161d1d,#82563a,#a78669,#d49e3c,#d8d7e3,#f5c346,#fbffff
116031.png,cubism,#462822,#6b878a,#7e5544,#9b2c2f,#be8a26,#fae7d1,#fcba2a
212653.png,cubism,#161f20,#465549,#613529,#667363,#933f2a,#96997e,#9c695b
373381.png,cubism,#21272a,#535038,#988e86,#9f7736,#c1ac8f,#cdcac1,#f2eadc
271779.png,cubism,#0b0a05,#41331f,#495a69,#756036,#95b6bc,#a69069,#b7e9d7
351735.png,cubism,#161613,#292e2f,#516365,#8e806e,#b2af8e,#ccc6aa,#e3e1cd
247346.png,cubism,#1e1d1c,#5a1b0e,#6c3812,#835318,#8c7736,#a99b80,#cfb47a
36886.png,cubism,#1d1b03,#563d13,#8f7036,#c6c2a9,#e0e1dd,#e19b2d,#ffd200
298037.png,cubism,#3b6064,#6c2f1f,#9a6f4f,#c21508,#c84513,#ce995f,#f7c55c
85498.png,cubism,#323231,#606267,#8e9592,#acb6a1,#b2862e,#c8b257,#e6ddce
31529.png,cubism,#010103,#0559af,#6e2a19,#727202,#e72914,#ebe01e,#f1f0e9
70343.png,cubism,#040411,#625a23,#80151c,#db3528,#f37447,#fcde32,#fefefe
192708.png,cubism,#3a240f,#6b7d78,#8d4c13,#acc2d7,#c91109,#eb811a,#ffb33c
316873.png,cubism,#858066,#a79c79,#a98939,#c2c3b5,#d6ad4b,#ddc77f,#e1e2d6
11780.png,cubism,#393f3f,#445863,#667371,#695856,#828883,#a7adab,#c9c4bb
87170.png,cubism,#232014,#3b2c12,#674a1a,#746d39,#8d5916,#916c26,#a0853b
143461.png,cubism,#01060b,#093c8e,#1079db,#5f500f,#63695c,#b29011,#d7ca99
25024.png,ukiyo-e,#1c1c14,#5c5842,#6d312f,#b20f21,#bcb48d,#c44f38,#ebdcb1
299176.png,ukiyo-e,#1f3e58,#2e2e2b,#4f695e,#7c8074,#afaf9e,#b0996d,#c2c3b5
85097.png,ukiyo-e,#090f1f,#1d4f68,#3c3031,#757472,#a9575f,#bca98f,#fefefe
46418.png,ukiyo-e,#544d38,#867d64,#d07748,#d4ceb1,#d8b186,#e48e87,#fef6d9
112119.png,ukiyo-e,#232422,#3e4037,#6f837c,#904839,#b57b4c,#bca688,#d1d5d4
386488.png,ukiyo-e,#2c2f30,#4d5552,#7c9598,#a7634b,#ccbfa3,#f28363,#feffff
102992.png,ukiyo-e,#192234,#216358,#578ea3,#603e32,#a82d26,#bea15f,#d2cdb8
184267.png,ukiyo-e,#0b0b10,#243c24,#372218,#7e4c1a,#8c7d4d,#a29769,#c0cbd1
128232.png,ukiyo-e,#1d171a,#323542,#585357,#786c72,#84291b,#b5a29f,#d3c3c2
238822.png,ukiyo-e,#252421,#437f93,#847870,#929c91,#96281b,#ceac8d,#d77669
67669.png,ukiyo-e,#0e0e0d,#353534,#585857,#6f6f6e,#a8a7a6,#bcbbba,#d3d2d1
94707.png,ukiyo-e,#2b2925,#486853,#91766c,#985949,#a79263,#c4b090,#efddb8
12610.png,ukiyo-e,#2d2b22,#5f6836,#9d5536,#a02925,#af7b49,#c1b290,#e2d2ac
63444.png,ukiyo-e,#403f39,#6f6156,#8a1d14,#9e9f92,#a77540,#c54f39,#f5f6f2
350552.png,ukiyo-e,#2c5129,#44212f,#5f7b68,#704853,#956c1e,#ca9423,#e2c787
170826.png,ukiyo-e,#2a2415,#3f5a3e,#847a58,#994029,#d3b088,#d98463,#f1dcaf
362524.png,ukiyo-e,#02080b,#2f1e11,#344233,#707657,#7aa287,#aebe95,#cfdccf
211927.png,ukiyo-e,#1e1f1e,#454526,#7f5e33,#a2937e,#a9453d,#d0c3b0,#e3e0e4
295139.png,ukiyo-e,#050a08,#2e5355,#312e19,#411109,#686b44,#b5b2a4,#b89752
83720.png,ukiyo-e,#23293f,#44473e,#873619,#8a9e8d,#8f552d,#a27653,#c2c0c7
319049.png,ukiyo-e,#47463d,#64a8a4,#735b4a,#939389,#c89675,#d8cdbc,#f6b5b5
118116.png,ukiyo-e,#524d48,#686560,#aa9075,#cec3ae,#d1a885,#f7f8f4,#fae9cb
384288.png,ukiyo-e,#3c3c3e,#5f534c,#975241,#9b8567,#b9b7a3,#cb7550,#cd9d7c
120175.png,ukiyo-e,#1f3020,#2a5e37,#705728,#7b1917,#7c7771,#ab3a38,#e1cfc8
222085.png,ukiyo-e,#282721,#729078,#73624a,#934027,#a5a578,#aa8541,#e0c283
276688.png,ukiyo-e,#373331,#5f5855,#60878d,#859b94,#b25e49,#dc7952,#e6c6a9
102496.png,ukiyo-e,#120f16,#1f3748,#71432c,#8eb0a9,#a38162,#a7563e,#ebddc3
216660.png,ukiyo-e,#50493e,#7c634b,#a07661,#b66552,#c09d86,#c4b69d,#e2d3b5
244716.png,ukiyo-e,#121213,#3c3c3c,#565656,#717171,#858585,#aaaaab,#cececf
345330.png,ukiyo-e,#675c4e,#897e6b,#9a8e76,#a78053,#b4a283,#d09458,#e6cfa7
101958.png,ukiyo-e,#040819,#443762,#6b6b69,#844c29,#9e9ea7,#d6c7bf,#ecebef
282572.png,ukiyo-e,#22211d,#337aa9,#486851,#5fa1b6,#aa5d38,#d0a152,#ecead7
29881.png,ukiyo-e,#2b2823,#433f38,#6e685c,#8f543b,#a49b88,#beb49f,#d9d6c5
339575.png,ukiyo-e,#3d321d,#575c48,#759695,#884523,#888166,#b3562e,#bdb7a0
352087.png,ukiyo-e,#0e0a08,#4b3323,#72573a,#896c4c,#ab9166,#dec091,#eed9bc
13194.png,ukiyo-e,#272720,#346967,#792f1b,#878986,#b2a895,#b7463c,#f6e4c5
83263.png,ukiyo-e,#070000,#194158,#432724,#667498,#8f2a1f,#ab9b9b,#e8dcd9
267583.png,ukiyo-e,#505863,#6d7068,#9c725c,#a18877,#b6a088,#d6b78e,#e3ceb6
69546.png,ukiyo-e,#000206,#4e5f61,#8d9681,#927322,#a21c17,#bbbeb6,#e1b015
640.png,ukiyo-e,#151517,#2b3d43,#4f615f,#72271d,#8a9c8f,#ad5035,#d6c5aa
208817.png,ukiyo-e,#262f39,#785c4d,#7aa4ba,#8a817c,#b5c9c9,#caab84,#f0e7d8
139220.png,ukiyo-e,#060512,#4c1721,#6b4851,#89827d,#c1b7b5,#d0ac35,#dddfe8
47525.png,ukiyo-e,#060408,#152c2c,#484739,#7d7256,#842419,#925a2a,#c2ba9c
124534.png,ukiyo-e,#100c11,#352822,#545250,#73695b,#99835e,#c6a473,#c8c3bc
155112.png,ukiyo-e,#050108,#392d28,#40575b,#5182ab,#897b64,#c0976c,#dfcdc5
277895.png,ukiyo-e,#111312,#2a2d2a,#3a5e6f,#6b5948,#8f8977,#aea791,#e6ddc1
368564.png,ukiyo-e,#4b161b,#759282,#921b18,#957f32,#a45450,#b381aa,#b8af94
376330.png,ukiyo-e,#00285c,#44392d,#67787d,#9f9684,#a03729,#c6695f,#efebde
53.png,ukiyo-e,#17100c,#53170f,#594340,#6d615c,#a0231b,#b38324,#c9bdac
31461.png,ukiyo-e,#211917,#2a463b,#6f3c23,#8b796b,#9f5824,#a82622,#c1a785
282180.png,ukiyo-e,#151218,#4e6f81,#554136,#5c1919,#8d7d64,#b02321,#d6d7e3
186311.png,surrealism,#191a19,#4c423b,#685c53,#a28a6d,#bba383,#c9b9a2,#d9d0ba
293989.png,surrealism,#634132,#877265,#9c8973,#b29c89,#ccc2ae,#d9dce3,#f8fafb
173951.png,surrealism,#39350e,#55496a,#73570e,#937d1d,#9797b4,#aa9e0a,#b6bfc8
209113.png,surrealism,#464645,#6a6560,#837a73,#968d82,#ada194,#d2c1ac,#e1d4c0
11995.png,surrealism,#210e0b,#2f3a4c,#606b6d,#888468,#8a4d12,#abbdb7,#e6ab43
38955.png,surrealism,#0a0b16,#534b3f,#88806b,#a7a996,#bd5149,#e0ca65,#f7f4df
263050.png,surrealism,#037180,#0e1c1f,#56992c,#9f2516,#afeac7,#bbbc42,#d28413
25729.png,surrealism,#111817,#325c60,#3c4139,#69614c,#9c7f38,#d0bd8b,#f1e8c5
45475.png,surrealism,#2b2828,#57483a,#807768,#a59576,#b7a992,#cbc3af,#e2dac8
70196.png,surrealism,#4f4f4f,#71706e,#80807c,#93928e,#b4b2ac,#cac7be,#dbd7cf
308130.png,surrealism,#3d2f33,#949ce5,#9ee4b7,#c49609,#edfcf5,#f8a3a5,#fbd500
361954.png,surrealism,#5f4b3d,#707282,#88501b,#909198,#b7843f,#bec6d0,#dda96e
221864.png,surrealism,#155526,#241710,#4a8438,#5c551a,#897349,#a0abad,#c1cdd0
62926.png,surrealism,#0c0d0e,#3b5359,#602d25,#8a7366,#ab9e8d,#ca683c,#d9c7a9
111725.png,surrealism,#1d1d22,#414742,#556b8e,#667d8a,#959798,#afb4a1,#cec8aa
218450.png,surrealism,#374f55,#3d2523,#4a6370,#5f798f,#75574a,#998674,#9bbcd4
279534.png,surrealism,#35301e,#59533a,#932800,#a18a80,#a84922,#c09f8d,#e9bfa6
351502.png,surrealism,#161e05,#294e0e,#826530,#828e01,#a7a79b,#d9dbda,#e88b6d
195687.png,surrealism,#1e191b,#443834,#8e5934,#ad835e,#dc6f46,#ddb78a,#f4e4bc
221805.png,surrealism,#594725,#76613d,#8c7852,#ad9a7c,#baa88d,#d3c0a9,#e3d6c7
180813.png,surrealism,#0e465a,#255b6f,#316e8f,#4d8cc1,#73bde1,#8fb1b3,#a2d4df
304543.png,surrealism,#0d1012,#39363a,#734813,#9f7117,#a7b5c0,#bfa654,#d7dadc
204750.png,surrealism,#0243ca,#1c72c0,#211b23,#5f4a67,#6ccaf4,#a395ad,#fbecd0
301063.png,surrealism,#0e1218,#41626e,#52210f,#70796d,#9f471f,#a28d6e,#ba753f
137210.png,surrealism,#181d15,#36535b,#757351,#969182,#b3aa9a,#c4a449,#c5c0b4
295116.png,surrealism,#000100,#0d1916,#373f3d,#626868,#9ea1a0,#c5c3c1,#fefefe
75128.png,surrealism,#050915,#7c0c1c,#9c4f6d,#b5748b,#b89faa,#ddc6cb,#eae9fd
4670.png,surrealism,#282727,#4e4d4d,#776140,#7d7871,#999894,#b9b9b9,#fefefd
288302.png,surrealism,#433d33,#5e5b4d,#6d827e,#82a6a0,#8f6948,#ac9053,#f0df57
153288.png,surrealism,#522f21,#7d474b,#905d5f,#ab9582,#afa9ab,#ccc5cc,#d3a596
200791.png,surrealism,#272812,#4e4124,#867c4d,#9eb1a4,#bb9145,#bdd5d0,#c85449
16922.png,surrealism,#171a19,#383d3d,#7a7b7d,#a4a7ab,#bbbec3,#d8dbdf,#fdfefd
214670.png,surrealism,#004aa7,#1b749a,#201a13,#55514d,#958c78,#9c470d,#d2c39f
355942.png,surrealism,#01d2de,#1f7788,#3c2722,#76d5e5,#c22920,#d78f70,#fefef3
272134.png,surrealism,#02447b,#2a3e4f,#485664,#6a778b,#838e99,#a3a5a8,#bfc2cb
169557.png,surrealism,#151511,#3a561f,#637732,#9c5b25,#aa7b38,#cba969,#e9ca7d
149886.png,surrealism,#000000,#37497a,#55878d,#824a50,#a48489,#b6b7ba,#c29a2f
397622.png,surrealism,#272319,#424122,#675740,#6f6d26,#796a53,#907e60,#989f65
70822.png,surrealism,#083161,#0d0f1f,#743e27,#7e9e9e,#9b6f45,#c0ad8c,#e27b12
364838.png,surrealism,#130d11,#6f5c57,#888a8f,#a24930,#e68354,#f7b784,#fddcb3
14067.png,surrealism,#542916,#9ebbf5,#a26929,#d1af0c,#d9dce6,#e87c13,#fdfefc
87501.png,surrealism,#28273d,#627568,#899b72,#9b4d1f,#c07e3a,#c5bc73,#cdd3d4
41126.png,surrealism,#171411,#3b3328,#5b5343,#6e6753,#9c957c,#b1ab96,#e2e1d9
170532.png,surrealism,#221e0f,#3a3723,#4c4b30,#5a614b,#6d7769,#817b48,#9e956e
81048.png,surrealism,#2a272c,#48739a,#515350,#8f8159,#a2584a,#b32a28,#beb183
329263.png,surrealism,#1092d0,#3d362f,#8abca4,#977a5c,#b44030,#ef986e,#f5e0bb
129002.png,surrealism,#0f0e0f,#504d4f,#686565,#8f8b8c,#cecbcb,#e7e5e5,#fefdfd
204414.png,surrealism,#2c1544,#624227,#870507,#967756,#9c2818,#cd997d,#dab99c
39802.png,surrealism,#260c0c,#304142,#552b19,#788361,#794c2e,#976a3c,#b6aa78
337565.png,surrealism,#232728,#674937,#6d7d61,#ae3c36,#b2a96b,#c06732,#e5efe0
270994.png,surrealism,#0f1821,#2e3353,#5f3850,#a05d4b,#c79d75,#d17c4f,#d9c59e
47000.png,surrealism,#34443d,#34797e,#716140,#72836c,#7fbb98,#a98048,#c3cab8
110115.png,impressionism,#160604,#5e7cae,#885145,#89a7c9,#9f8672,#cfb3ab,#d6d2da
116950.png,impressionism,#260f05,#5a6577,#6f442e,#8e7573,#de9c6d,#eec196,#fff2c4
326881.png,impressionism,#13181c,#3b3b7d,#5f865d,#68452c,#736462,#9d9b90,#c8d9dd
186018.png,impressionism,#342a1c,#554e2d,#6079a7,#789bc8,#8f7f2c,#ad983e,#b9bcaf
143792.png,impressionism,#1d1619,#653110,#655b3a,#92aea8,#9c8264,#a9a820,#cccdc4
92438.png,impressionism,#181514,#424542,#58801b,#8990ae,#dac8c0,#f19e7d,#fafcfb
225443.png,impressionism,#070609,#2e323b,#4e535e,#6a4123,#707673,#98a45a,#b9b9b1
104869.png,impressionism,#202114,#48432f,#725a2d,#89775d,#ad9378,#c5bca9,#ddd7bb
149656.png,impressionism,#46413c,#6f5c51,#748d94,#957d57,#a24836,#c1a175,#dbc9ae
119451.png,impressionism,#252226,#7a6854,#7d2d23,#869cbd,#adbeb6,#d29b54,#f7c36d
113477.png,impressionism,#2f2d27,#425537,#73754a,#93582b,#bd7429,#c0ab7f,#ebdbad
244856.png,impressionism,#291f20,#642c1d,#6e4d2b,#9f8a90,#af703c,#e7a87c,#e99e13
277875.png,impressionism,#756583,#898592,#969b97,#afad99,#babf9d,#cdd1ae,#e4dfb8
82677.png,impressionism,#16263c,#2e3e4f,#505a65,#68707c,#8c9299,#9da0a5,#b7bbbf
301105.png,impressionism,#032959,#444e5a,#477991,#6691a4,#7e7f85,#a1aaa2,#bac0c5
73165.png,impressionism,#172c1b,#435336,#6a693a,#988e4f,#adb7a7,#bfd1c8,#ccae54
106766.png,impressionism,#151825,#3f3e4d,#666f55,#75a3d9,#a48b55,#dfe0f3,#e0bb8d
281150.png,impressionism,#25332f,#667234,#675949,#83833f,#8eac74,#958982,#acb5b1
182207.png,impressionism,#2c252f,#3e3e4c,#645865,#93463b,#946030,#b58d78,#c8ac8d
248580.png,impressionism,#060000,#4c5267,#642d39,#666b8b,#979ea4,#9b6e39,#bec1c6
346762.png,impressionism,#21291d,#5b540f,#677ea0,#89711b,#92b0ee,#ccb487,#fcfbf4
314930.png,impressionism,#282723,#4f382e,#7b5d3a,#a26c56,#d1c3b2,#d89061,#ddaa7f
150027.png,impressionism,#2b2e1e,#3f462d,#6c5835,#70675c,#977f55,#a59176,#abb09d
89122.png,impressionism,#16122f,#61242f,#685172,#8f8465,#a63736,#c6724b,#e1d290
153168.png,impressionism,#294934,#4b7637,#51aee6,#a8c8b7,#ac9713,#c9b51d,#fffeff
63887.png,impressionism,#0c080d,#3b3431,#5b5648,#838490,#959c9d,#b1b2a9,#d8eee7
334457.png,impressionism,#0f1601,#2d2927,#7a7e78,#804f29,#a36e25,#d39c2d,#eedc8b
14223.png,impressionism,#213b86,#334f27,#416f3d,#4a5e90,#675a37,#a0825c,#aca073
283007.png,impressionism,#252620,#555548,#6d6645,#7c7557,#8c8467,#b1a863,#c3ba9d
54438.png,impressionism,#33324a,#5f535c,#6b747e,#845730,#907555,#b3a593,#b48641
337717.png,impressionism,#3a3335,#655b4a,#6d7c71,#8f9eb0,#a8805b,#c2b4aa,#eee3da
160500.png,impressionism,#3f2f25,#5e4d43,#7b6b58,#9a8d76,#c3bd9c,#dcd5b8,#ebedcd
138338.png,impressionism,#3c211d,#684534,#7d5843,#987857,#a7907a,#c3ae8c,#ccc6b3
373958.png,impressionism,#322b2b,#514136,#7a6a5c,#a89a85,#b2b1a9,#dfd7d2,#edeef2
72265.png,impressionism,#116761,#191a23,#388684,#9bb7ae,#9c5051,#bb8a92,#c8d7d8
316186.png,impressionism,#19181b,#5f4939,#678383,#70c3b1,#a3a997,#b1825d,#c0ccb5
68364.png,impressionism,#29242b,#534733,#626353,#999a73,#a87541,#d7ddcd,#e5bf81
289546.png,impressionism,#32212c,#59699c,#77863c,#cae1e8,#de9754,#e1553b,#f4c239
179168.png,impressionism,#1f0b0e,#9d581f,#a1201d,#c77c35,#d0a742,#e2d5a8,#f8f3db
90777.png,impressionism,#5c4434,#7e5c42,#968d80,#9a795b,#aa8564,#b5926f,#b6a384
337551.png,impressionism,#221210,#59586b,#5d3b1f,#9f7546,#b2947b,#b8b7b7,#e3dbc8
355035.png,impressionism,#2e272e,#625a61,#777a7c,#918d90,#afa9aa,#c6c2c1,#e9e5e2
206734.png,impressionism,#0c1116,#494e17,#71843b,#956545,#99b8c2,#a6952e,#d2d8ab
49304.png,impressionism,#151616,#382f25,#52422c,#7a6444,#867a4d,#bebcb8,#c29d68
364181.png,impressionism,#100e10,#513f21,#6d601f,#861e34,#8b7852,#b3ac88,#c56f7a
7339.png,impressionism,#100e17,#363732,#7b6c20,#998936,#9c9a9b,#cabb91,#ecf3f1
338481.png,impressionism,#405f2c,#534230,#8a6a42,#a6992f,#b47f24,#d3c6a9,#dca96a
269853.png,impressionism,#48464c,#6c6862,#a05460,#b82a32,#d47b77,#ddb7a6,#ede7d4
52280.png,impressionism,#18141a,#455d5e,#517a79,#89755e,#c1bdc8,#d79a8a,#dcddd4
389709.png,impressionism,#271e24,#663e2d,#8f6950,#9f512a,#aa996c,#ca7a2a,#e1c98c
283269.png,impressionism,#502a00,#693f07,#8c5e1e,#ab8052,#be9f82,#d3b8ab,#d49532
374871.png,impressionism,#221718,#4f4744,#766959,#989590,#dcbe96,#e1d4b7,#f0f2ef
114170.png,impressionism,#09020f,#413d4d,#6e5155,#787273,#8a9da2,#c9a09f,#e4ebee
369171.png,impressionism,#3b2227,#6e4325,#97521e,#977951,#c1b693,#d6d4b4,#dc8435
337905.png,abstract,#3a415a,#4c7399,#5d8baa,#783d41,#83747d,#919dbb,#b1b6cd
343661.png,abstract,#0a181e,#284456,#442629,#51686d,#7f3135,#a2958c,#b8773e
272506.png,abstract,#453730,#4b859e,#836800,#b3260a,#b3aa00,#bbada8,#e4e4e3
38641.png,abstract,#3c3838,#555354,#716f70,#9a999a,#b0b2af,#e2e1e1,#fefefe
70552.png,abstract,#3e4b62,#4a6382,#597285,#658192,#7c9da8,#9db7d4,#c0d0dc
51524.png,abstract,#1d1219,#27272b,#393e34,#643325,#67491c,#a25d11,#ac823c
93348.png,abstract,#2b2e2c,#4b4d4b,#717271,#898a8d,#a1a1a4,#cccbcb,#e7e6e3
105319.png,abstract,#000000,#29415f,#606d70,#943416,#b50000,#e1a059,#f2e8bc
69178.png,abstract,#212207,#4f451a,#696444,#8e7a46,#afa696,#ce9f4d,#eab867
224157.png,abstract,#1b1b21,#5c5d5f,#747578,#a0a1a5,#b7bbbe,#d5d6da,#eceef0
392972.png,abstract,#2a8dc5,#2f211b,#6b9a01,#83147b,#ab479b,#de8503,#e5d6bd
111777.png,abstract,#512f29,#535e59,#6a5242,#78764b,#8e3e38,#928669,#a3734e
137420.png,abstract,#080402,#1d292d,#4c3e30,#6a583f,#7b6c58,#a0a19e,#b8bab3
382682.png,abstract,#060a0a,#144644,#1e8775,#8eb79e,#928046,#eab34d,#eae9e9
340076.png,abstract,#0b0c10,#1485ad,#1e4d6d,#83a1b5,#936228,#c9ac85,#fef9ee
249966.png,abstract,#a1887b,#b8a6a6,#cbb6a0,#d6c8be,#ebe0dd,#f2e9ff,#f7f8ff
17621.png,abstract,#323635,#7e727e,#b99d97,#bf4435,#e8776c,#e9cc78,#edf3ef
335761.png,abstract,#401c31,#498eb5,#786665,#9e4a47,#a3101c,#ada189,#ddccad
86421.png,abstract,#6d6766,#817a7a,#a4998e,#a98a6b,#bcb7af,#c6ad76,#cfc9bf
295928.png,abstract,#0f0606,#2c2f3c,#4a524b,#4f2314,#70635b,#aa7e5b,#b59375
4379.png,abstract,#000000,#075c43,#37271c,#4ab18d,#7a4a2d,#8dc1aa,#d17c4b
252533.png,abstract,#2f2a30,#635d5d,#93908a,#a25a3a,#a8b3af,#bad2d5,#eef0f2
308496.png,abstract,#000000,#2c2d2c,#747473,#989896,#b7b7b5,#d5d5d3,#efefed
200431.png,abstract,#474535,#4b593a,#5c6c4b,#656982,#739445,#7f4158,#938b61
133517.png,abstract,#1f191b,#2d3336,#7c4c3f,#816d61,#b57f6b,#cbac98,#e8dedc
24666.png,abstract,#2f2c26,#4b4339,#5b5545,#837662,#9d8e77,#b8a48c,#c0b8a2
58608.png,abstract,#272322,#60857e,#aea35b,#b4412e,#dcd69a,#e49724,#fefffa
378291.png,abstract,#2c322f,#505b42,#7c7f74,#c95b3c,#d69235,#e2ce9a,#f5efb9
336953.png,abstract,#1b1206,#494a37,#8c8f6a,#ac261d,#cd4d35,#e1aeaa,#fcfbf6
321365.png,abstract,#0045e5,#656474,#85a7d2,#c3c2c3,#f9454b,#fd9067,#ffee2a
76088.png,abstract,#592417,#765133,#806a57,#a45c1e,#bb7528,#bb9d86,#d9ccc3
114421.png,abstract,#201d28,#516c8d,#8698c2,#a7885f,#d1c2ab,#d5215b,#e5697d
297767.png,abstract,#000000,#25252b,#474a58,#616573,#909ea3,#c1c8ca,#e2eae0
289715.png,abstract,#362a23,#3ca534,#775a11,#b42f22,#d17a08,#d4ae08,#f1dc6a
98931.png,abstract,#47442f,#63661b,#907937,#aba297,#d1c864,#ddd7cb,#fefcf8
129350.png,abstract,#0a0c0c,#3b3b36,#54534e,#89877c,#9e9d91,#c7c8bc,#e1e4d7
346768.png,abstract,#1e1a16,#3e3a35,#57564b,#838476,#a5a19c,#d0cccc,#fefefe
209909.png,abstract,#082257,#0c0817,#2d2c22,#3e467d,#6874a5,#6d2741,#98375d
63313.png,abstract,#181f1e,#4d4336,#706b62,#817f73,#999083,#bdb098,#efd7b7
233074.png,abstract,#2a2e38,#445b34,#807a54,#93b857,#a4b2c2,#dfc788,#e1dcd0
282796.png,abstract,#211d1c,#4e3525,#6c8487,#7e4b23,#b77e08,#ceb69f,#dc9f2c
313726.png,abstract,#232724,#444541,#575854,#8c8578,#aba898,#c3bfaa,#d0d2bd
35926.png,abstract,#603a1c,#75798a,#99a2b3,#a34a01,#c4cad0,#e9a29d,#f9e8c8
108077.png,abstract,#231517,#4b3b46,#8e6d80,#b05f4e,#c78d71,#d7bdb4,#f5fafb
124805.png,abstract,#49362f,#5c4232,#70513a,#8b6143,#9a724a,#ac824c,#b98f5a
274955.png,abstract,#252d2f,#485258,#626969,#758491,#8b9cab,#b8bfc3,#e8e8e1
176181.png,abstract,#1c2509,#364213,#4f5a18,#647737,#747e5e,#748c49,#97a86c
260054.png,abstract,#331d0f,#7e5d11,#801a12,#a3960f,#cd1617,#ee9193,#f3c57c
196583.png,abstract,#443329,#5c6795,#772211,#855f11,#909eb5,#b1260a,#fb0f12
388885.png,abstract,#030306,#1a1a1e,#4d5753,#6e6d6f,#858c7f,#bcb9bc,#dddadc
98036.png,abstract,#555751,#736a6a,#8c938b,#a76d6e,#a9ada6,#c7938b,#d3e0db
179342.png,surrealism,#6c3514,#6e5527,#a98341,#d39630,#dbab57,#f1c568,#feeb88
197298.png,surrealism,#5d2a1c,#a35628,#a49249,#e5b44e,#f1692c,#fb9320,#fee7bb
6524.png,surrealism,#110b16,#574509,#b76108,#cd8176,#d09603,#eab933,#f4da72
195666.png,surrealism,#000100,#004c8a,#2f86ab,#322d0e,#6f5e0a,#8d1f02,#c5bb8a
92676.png,surrealism,#120708,#455a81,#85849e,#cb351d,#d4bd98,#f0733f,#f8e4c1
330130.png,surrealism,#0c0916,#29595f,#5c3129,#7c5b56,#a87c68,#b5c9e3,#f1e9e5
202082.png,surrealism,#070c1e,#5c2e2e,#5f5b5a,#5fb6e6,#a5d8ed,#b4b3a1,#faf7db
85537.png,surrealism,#2d2615,#426f6e,#5b4937,#768c6b,#b5885e,#c9aa89,#d9c6b6
88732.png,surrealism,#000000,#46463f,#587658,#6a8dab,#885f4c,#94afcd,#dcdeda
399447.png,surrealism,#040405,#694d41,#7d2807,#8e6e58,#b64915,#c5a086,#faf8fa
172264.png,surrealism,#100e12,#282019,#56463b,#715e54,#88766a,#a99b94,#c2b6ad
8644.png,surrealism,#0f0c08,#3a341e,#5b585b,#817f83,#96c0b2,#b29f93,#dfcdb5
91276.png,surrealism,#0a1102,#5d4f28,#c7ccb2,#cc9250,#e9c31b,#fcfde2,#fdf222
235807.png,surrealism,#38130b,#4d4545,#5b2115,#764426,#766049,#90765b,#a09694
380744.png,surrealism,#25271d,#423828,#876b3f,#a29881,#c6a356,#cfb57a,#dfcc9d
50554.png,surrealism,#0c0c0f,#3a3739,#5d5e5e,#878a88,#acaeab,#c5c6c3,#e1e1dd
288435.png,surrealism,#170c15,#2e3f63,#65555b,#7a6f65,#988c7b,#b0a289,#d9c6ac
287424.png,surrealism,#1c1a1b,#3c3a3c,#4e4c4e,#686668,#8f8d8f,#b1b0b2,#c5c4c6
359831.png,surrealism,#393532,#66554a,#896c29,#8d8f83,#a9a9a9,#eaecee,#f7490f
365757.png,surrealism,#24171d,#4f362f,#8a6245,#9f9479,#dfa767,#fdf9ef,#ffd989
247900.png,surrealism,#181b1b,#545557,#7a7b7d,#919294,#bcbdbe,#d3d4d4,#edefef
189059.png,surrealism,#110d0a,#36261b,#5a371a,#764b33,#a17057,#a29374,#bcb7a8
80790.png,surrealism,#2f302a,#5f574a,#8f8165,#9cbbb2,#9f6455,#cab370,#e8e8d5
16505.png,surrealism,#0f1110,#484a48,#6b6d6c,#8a8d8b,#b1b3b2,#cbcccc,#ececed
387333.png,surrealism,#4c2b26,#77604e,#849271,#8d3325,#af603e,#ceab9f,#fefefe
296509.png,surrealism,#6c6560,#74352f,#907971,#b88653,#b94a39,#c5a088,#ccc9c0
309590.png,surrealism,#15140f,#603818,#605655,#9c987d,#9f571c,#a6783b,#c5c5a4
259068.png,surrealism,#323733,#454d47,#71736c,#898e8b,#a3a3b5,#c1c4c4,#e2e5e4
27789.png,surrealism,#312a27,#494240,#7d6e48,#ab9f5d,#c6b25a,#d4cbbe,#ebe2c5
172602.png,surrealism,#360002,#41220e,#872b14,#8e686f,#ba9b92,#c57a48,#fbfaeb
182677.png,surrealism,#000000,#262528,#50494b,#71a387,#cd691b,#f1a858,#fbe2d9
103696.png,surrealism,#090701,#322e19,#6f3b2f,#6f6c69,#86867e,#b29770,#b4b194
237027.png,surrealism,#18181b,#40342f,#5b4e45,#8e7258,#a48b6d,#ba9f81,#e4dccf
221926.png,surrealism,#3c3737,#665951,#92867f,#a79990,#c7b7a8,#e6d7c9,#fefefe
62809.png,surrealism,#323333,#5a4f4f,#7b716e,#908db6,#b98677,#beb9af,#d6d5d0
169104.png,surrealism,#20030a,#2d2825,#661311,#8e2f28,#93908b,#986259,#c5c4c4
376138.png,surrealism,#000000,#201a0c,#3b3956,#756015,#a47648,#cbb094,#e9ceae
25759.png,surrealism,#3a4649,#435a66,#49726f,#6a7e89,#879499,#a1acac,#aac2d0
2903.png,surrealism,#0b439e,#230f00,#3560b1,#99907f,#b86220,#be9a1a,#beb19e
100274.png,surrealism,#080b13,#1f7cbe,#641d1a,#947257,#a99b97,#da5c21,#f0ba9e
177851.png,surrealism,#2c2118,#4c696a,#4f3a25,#618585,#a9ccbb,#ba8041,#c9607a
39129.png,surrealism,#050504,#2b241d,#6d6760,#88817c,#a59f9a,#c4bdbc,#e5dfdc
364388.png,surrealism,#23201f,#3d3a3b,#727073,#918f93,#bab6bb,#d8d7d8,#fefefe
276160.png,surrealism,#231c20,#324152,#67584e,#856b58,#9b4f33,#a66234,#c07b48
142628.png,surrealism,#1b713d,#2d342a,#42904a,#897c65,#942b1d,#94482d,#c17c62
331594.png,surrealism,#1e2120,#475e56,#6596a6,#94703a,#b0aa93,#be3215,#e0826a
176097.png,surrealism,#2c2d1b,#405c65,#5898cf,#607b85,#686a3a,#79947f,#7fc3ed
14644.png,surrealism,#303953,#515f71,#702a3b,#7c9ab4,#ad6461,#cf1d21,#d3d7e4
314910.png,surrealism,#301f22,#575a59,#787a78,#949489,#b0ab90,#bbbead,#d2d4c6
217019.png,surrealism,#254a07,#257937,#794a0e,#888618,#adbd35,#d0c6c5,#ffd100
36574.png,surrealism,#1c1e1e,#465152,#5b80b5,#889091,#895158,#bbc2c3,#dde8e1